{"mse": 949.2368974100061, "mae": 9.515068519232582, "r2": 0.12986614279467246}