{"mse": 951.2793476096043, "mae": 9.496425116038123, "r2": 0.1279938967039701}